front_pattern_regularity,hind_pattern_regularity,front_left_right_correlation,hind_left_right_correlation,LF_vertical_range,LF_skewness,LF_kurtosis,RF_vertical_range,RF_skewness,RF_kurtosis,LH_vertical_range,LH_skewness,LH_kurtosis,RH_vertical_range,RH_skewness,RH_kurtosis,gait_normalized_stride_length,gait_cleaned_stride_frequency,sequence_id,label
6.925289091438714,6.399449488823236,0.404734071791212,0.4183351628374709,0.2909287640980613,-1.1281589674599004,0.8914374107606049,0.1628214879748813,0.1789658778145159,-1.5905331670611342,0.2221906798348924,-0.2950246711175852,-0.4225763799085187,0.2248534176757903,-0.8495594206170212,-0.3762189382519882,0.7176571580818976,1.0714285714285714,0,0
7.447667887332242,6.190773767470429,0.1184774831042387,0.4483683770377102,0.1824336408380855,-0.0010607372023312,-1.084731385043905,0.194074281100767,-0.5479886190707581,-0.9534263516911214,0.1950284319419706,0.0570189629940803,-1.1960987356201966,0.2925426479129548,-0.6366506484244056,1.4264583486567872,0.8747416374442253,1.1538461538461535,1,0
7.446827848151183,5.72409776646067,-0.2601223344806788,-0.050301195752132,0.1954635459506369,-0.6228413584977783,-0.669834494296579,0.1364740495133426,-0.3651762549392855,-1.12370997833178,0.1768711469085188,-0.6904841915198832,-0.2823419147627648,0.1416331968915215,-0.966019863561486,0.3476416124293053,0.6655786829867909,,2,0
7.446827848151183,5.72409776646067,-0.2601223344806788,-0.050301195752132,0.1954635459506369,-0.6228413584977783,-0.669834494296579,0.1364740495133426,-0.3651762549392855,-1.12370997833178,0.1768711469085188,-0.6904841915198832,-0.2823419147627648,0.1416331968915215,-0.966019863561486,0.3476416124293053,0.6655786829867909,,3,0
13.280929973461957,13.277040521140236,0.3648909947479772,0.0581950136499573,0.388953058689903,0.2850482670936814,-0.6937972285802996,0.3459228153776233,-0.0841875694877406,-0.7370183508951547,0.3267609101526231,-0.1103646017854644,-0.7811099449068832,0.3235672592817899,0.7571423437825473,0.0472242449065705,1.110802198942186,0.8823529411764706,4,0
13.284248008826092,12.175509696107175,0.0043432860509295,-0.2551360684275744,0.2613812353192953,-0.0618640250772124,-0.8050629762988963,0.2092026487116536,-0.0321794682298951,-1.185628261802285,0.220294086239214,-0.527171062467542,-0.0305227661000895,0.2149227611472502,0.1820952066454348,-0.6890723886148926,0.2751932141271997,0.8333333333333334,5,0
13.284248008826092,12.175509696107175,0.0043432860509295,-0.2551360684275744,0.2613812353192953,-0.0618640250772124,-0.8050629762988963,0.2092026487116536,-0.0321794682298951,-1.185628261802285,0.220294086239214,-0.527171062467542,-0.0305227661000895,0.2149227611472502,0.1820952066454348,-0.6890723886148926,0.2751932141271997,0.8333333333333334,6,0
6.477253689643467,3.8922569288267823,-0.1202782483399145,0.2389822214191245,0.2352903540418242,-0.9797362658256076,0.3008655812074043,0.2107284594817845,-0.5953729617793059,-0.7356623084467544,0.257710955229965,-1.5786953945931137,4.503479696277445,0.1462377414574727,0.1883050888619549,-0.7488048587437994,0.3798066635728664,0.8571428571428571,7,0
7.278839127223512,3.343515999662633,-0.2234370224611947,0.3087739571548367,0.2280035967661489,-0.7370240754384116,-0.7477378157479673,0.1961246744219458,-1.0110375739852095,0.6605906896647689,0.1138862950412477,0.2084302513043845,-1.1014348377768073,0.1290172328205622,-0.1940469419163883,-0.6048889064842111,0.8020840814809169,0.75,8,0
6.9348191497688,3.670882095627692,-0.1888905555834487,-0.1788796587472253,0.1979078246990097,-1.5132376550454094,1.6950706643383402,0.1719561589868803,-0.7492276908359926,-0.6968178528092244,0.1015912767511441,-0.4438971236623458,-0.2926544263722426,0.1292308556803236,-0.3270154951023156,0.4606827648707803,0.5040530844412946,0.7142857142857143,9,0
6.9348191497688,3.670882095627692,-0.1888905555834487,-0.1788796587472253,0.1979078246990097,-1.5132376550454094,1.6950706643383402,0.1719561589868803,-0.7492276908359926,-0.6968178528092244,0.1015912767511441,-0.4438971236623458,-0.2926544263722426,0.1292308556803236,-0.3270154951023156,0.4606827648707803,0.5040530844412946,0.7142857142857143,10,0
7.730674974411995,7.051828440908066,-0.316119401268074,0.0364407330054461,0.1539535898239031,-0.8210868666535188,-0.5775178171368975,0.1556279562844946,-1.0779249291730122,0.6053627703656717,0.1785403394294374,-0.4220532869537097,-0.8964060388784949,0.203655836338317,-0.5675232639897723,0.15998180378896,0.776604945500265,,11,0
8.94340621687285,6.691674603565241,-0.3532607965887756,0.3376137166745759,0.1885250113231494,0.2518966339975514,0.0279570079178363,0.1786498916824127,-0.5416399472418216,-0.3927034811749545,0.2103971771389959,-0.5674239425029081,0.6985831966204508,0.2181503702453586,-0.2580252370875641,-0.4258265647398076,0.3548514065943954,1.1538461538461535,12,0
8.94340621687285,6.691674603565241,-0.3532607965887756,0.3376137166745759,0.1885250113231494,0.2518966339975514,0.0279570079178363,0.1786498916824127,-0.5416399472418216,-0.3927034811749545,0.2103971771389959,-0.5674239425029081,0.6985831966204508,0.2181503702453586,-0.2580252370875641,-0.4258265647398076,0.3548514065943954,1.1538461538461535,13,0
16.30944572939252,13.967540049700949,0.2036115863318261,0.1586770152054486,0.3621553455508913,-0.1269934802452653,-1.5180285284413826,0.5095968384941326,-0.4058207729386692,0.9267117581176612,0.4003228242205954,-0.8340314248031611,-0.2279651978587238,0.3075183384141232,0.1265732421073843,-1.3203974539615762,0.6518970500640568,1.1111111111111112,14,0
16.67863546576877,14.446014621341076,0.913456019576396,0.9336921754460432,2.487312814165035,-6.083671774139677,40.60778465413492,2.484267642891104,-6.278986437603499,42.46847722810517,2.3680436059360708,-6.490100097514619,44.525854679819375,2.4753013052511963,-6.466871149356187,44.21168194254517,0.0,,15,0
18.24523957748981,15.612845128291,0.2331712324998663,0.2854472191950888,0.4427897285804189,-0.1283046878201104,-1.267479328109627,0.4569916479855785,-0.4087649178502178,-0.202716391955374,0.3468043422558894,-0.7781549158611546,-0.5371532565839594,0.3888387588861037,0.8344563394461305,-0.5687167714970083,0.5732188504737844,,16,0
18.24523957748981,15.612845128291,0.2331712324998663,0.2854472191950888,0.4427897285804189,-0.1283046878201104,-1.267479328109627,0.4569916479855785,-0.4087649178502178,-0.202716391955374,0.3468043422558894,-0.7781549158611546,-0.5371532565839594,0.3888387588861037,0.8344563394461305,-0.5687167714970083,0.5732188504737844,,17,0
14.104900568242236,8.18223759371482,-0.1912453626856259,0.4642183536113273,0.2232984187635215,-0.4502066454820063,-0.5350320575689755,0.2467408853216946,-0.3392355205940566,0.8304177938199171,0.2072932829661892,-0.2874421055976383,0.4065514950534621,0.1939655862427602,0.1032208600263947,-0.6961006455801524,0.7047019642513038,,18,0
12.748959210853265,10.675557167661085,0.0190551179473666,0.1942086269597805,0.1919345211996908,-0.8678339262107072,-0.1119957540136473,0.1840874744766094,-0.6272461353183021,-0.6115332660588333,0.139179038162759,-0.0809852743197185,-0.9715965858893644,0.1970775180384672,-0.3338185091358762,-0.7947853096030055,0.6703790338172895,1.0344827586206895,19,0
12.748959210853265,10.675557167661085,0.0190551179473666,0.1942086269597805,0.1919345211996908,-0.8678339262107072,-0.1119957540136473,0.1840874744766094,-0.6272461353183021,-0.6115332660588333,0.139179038162759,-0.0809852743197185,-0.9715965858893644,0.1970775180384672,-0.3338185091358762,-0.7947853096030055,0.6703790338172895,1.0344827586206895,20,0
27.385221486049726,20.958477116431904,-0.3536940292871269,-0.158938357938449,0.3508925662814581,-1.0840382813353542,0.4092943364333656,0.4360309226691384,-0.6136704308485992,-0.6530324818513242,0.2864963132116163,-0.6086633353789149,-0.4097639995348441,0.4145867789313119,-0.9951053287204916,0.6253227866531281,0.2796673745808204,0.8571428571428571,21,0
26.02874431393108,21.075438103156948,-0.0651347981880447,-0.1587821571313464,0.4337261669096456,-0.5174849751120711,-0.1799234714051785,0.4141079689105109,-1.1351451654954914,0.6660626835012713,0.3301688059544646,-0.2448967075040776,-0.1715604668640482,0.3103683955900136,-0.9001587998420935,0.0550615385798631,0.5510709301738147,1.0714285714285714,22,0
28.405512324899195,20.711356043484937,-0.2954988572150205,-0.4227549038385726,0.3101413106497691,-1.5890670741388413,1.4360732267886984,0.3964822728697455,-0.5329512384438972,-0.9938244331013996,0.2583939127629624,-0.3923926958055679,-0.3997591479105087,0.2961323465809654,-1.339485684765234,1.496578185855637,0.605230132356221,0.8823529411764706,23,0
28.405512324899195,20.711356043484937,-0.2954988572150205,-0.4227549038385726,0.3101413106497691,-1.5890670741388413,1.4360732267886984,0.3964822728697455,-0.5329512384438972,-0.9938244331013996,0.2583939127629624,-0.3923926958055679,-0.3997591479105087,0.2961323465809654,-1.339485684765234,1.496578185855637,0.605230132356221,0.8823529411764706,24,0
42.05761206202747,20.916558153769003,-0.4298286308395774,0.3976482713084678,0.5269895116794548,-0.1024472570237248,-0.8265690266605388,0.6781912390501484,-0.1506139829562623,-0.920973971156037,0.58802945123596,-0.213573092780619,-0.2666673587708326,0.5119170796772347,-0.5943663025241454,0.0974366623759461,0.9339792762643064,1.4285714285714286,25,1
50.124378445622646,22.891124471287995,-0.6547118688229723,-0.153802922151987,0.4433739862270799,-0.1369796781391377,-1.251160187045362,0.5488257100378725,-0.3519154695153534,-1.2959940371459262,0.354551624674932,-0.3517065790923865,-0.6305758322258468,0.2884882196610655,0.0275703989720349,-0.8838322252809716,0.5344381901315023,1.25,26,1
38.1190969462814,17.164738228123365,-0.1005984724269588,0.6345277670143709,0.5850238394148647,0.594724228450523,-0.474051490336242,0.499303188166307,-0.1806366977584889,-1.0794166122552298,0.4058610426462375,-0.1838714874053884,-0.9034270680767752,0.4381947999081852,0.6405138370189487,-0.3406346832100042,0.9645835421987724,1.3636363636363635,27,1
38.1190969462814,17.164738228123365,-0.1005984724269588,0.6345277670143709,0.5850238394148647,0.594724228450523,-0.474051490336242,0.499303188166307,-0.1806366977584889,-1.0794166122552298,0.4058610426462375,-0.1838714874053884,-0.9034270680767752,0.4381947999081852,0.6405138370189487,-0.3406346832100042,0.9645835421987724,1.3636363636363635,28,1
20.709036176510008,16.93579168624839,-0.6791202196704295,0.068051317573796,0.2713453146275379,0.3833162416668941,-1.0630818625683331,0.2586054478524759,-0.3534266405476673,-1.19118864451475,0.3626015342445563,-0.1346793679138451,-0.5568908157976966,0.2834620357451238,0.0721457260993497,-1.016180484407904,0.5022207807223391,0.9090909090909092,29,1
18.272011344129577,13.804296903500736,0.1362505125806392,0.4552483257915307,0.7645355290722857,0.433226484830942,-1.247837404112694,0.7708826164834519,-0.069277194913136,-0.2833128786818775,0.6081663755790102,-0.4027466454833054,-1.5184396906018385,0.6951503235093104,0.19076830189423,-0.8949208420152797,0.6461046480593905,1.3636363636363635,30,1
15.980368833040115,10.89169673466903,-0.5580277145451357,0.1755508241245444,0.6285708318665202,0.0103260950697585,-1.4458782750449866,0.7457193035370336,0.1711463969744265,-0.4568991970089651,0.6982720730755008,0.2525030011730888,-0.6641927089289767,0.6978521860802651,0.0563749475094926,-0.6464244473143803,1.0171762459563438,0.967741935483871,31,1
15.980368833040115,10.89169673466903,-0.5580277145451357,0.1755508241245444,0.6285708318665202,0.0103260950697585,-1.4458782750449866,0.7457193035370336,0.1711463969744265,-0.4568991970089651,0.6982720730755008,0.2525030011730888,-0.6641927089289767,0.6978521860802651,0.0563749475094926,-0.6464244473143803,1.0171762459563438,0.967741935483871,32,1
37.64584617510942,10.726296361745751,-0.4457251681565494,0.6473816742581898,0.7221201929823765,-0.2944807192599247,-0.948593671752342,0.6980267364725529,-0.2355704029766816,-0.7133838843969253,0.4243694981712574,0.2384649115804011,-0.7443867096917809,0.3916468249681986,-0.2225923654938146,-0.8584409197014962,0.7324154465619287,1.1111111111111112,33,1
42.31036708703908,13.724173226828649,-0.4905141772660548,0.4969639042594146,0.5122699347131333,-0.2838303129694655,-1.0483349028639988,0.5636002344480636,-0.3591534948712266,-0.9409819048248376,0.3833953708503383,-0.1210628853292409,-0.5209804599922605,0.2815741347723688,-0.0261157378954142,-1.026819474035504,1.090559028519306,1.3043478260869563,34,1
41.62501581693393,15.62059200414632,-0.1807373517501098,0.3634375848524214,0.5012438361026551,0.0352030267706334,-1.1907315601892,0.5190253057915987,0.3869751796472322,-0.3799496405953144,0.2973938068033338,-0.3145801510781208,-0.4048039272939028,0.3007055418456876,0.0821464324432545,-0.4746084904550729,0.2918402818861567,1.5,35,1
41.62501581693393,15.62059200414632,-0.1807373517501098,0.3634375848524214,0.5012438361026551,0.0352030267706334,-1.1907315601892,0.5190253057915987,0.3869751796472322,-0.3799496405953144,0.2973938068033338,-0.3145801510781208,-0.4048039272939028,0.3007055418456876,0.0821464324432545,-0.4746084904550729,0.2918402818861567,1.5,36,1
26.833830081447555,14.417236023593423,0.0810794557629881,0.4382407530506181,0.5724561719894846,0.3549200706360533,-0.7761305902399505,0.8745674350105228,-0.0892116708913994,-1.400349258760789,0.5080410651606085,-0.518221484889993,-0.5865995529385297,0.5712428737444187,-0.1260505632005215,-0.867834487454759,0.1272584409311881,,37,2
30.058530197599488,15.88043196011998,-0.0683588129174017,0.4399156361785509,0.3822505267120811,-0.0593089733132055,-1.075971994852543,0.648347122030779,-0.1804799202362862,-1.5014109083906395,0.4594937172190612,-0.3577401511294535,-0.7056434539716023,0.4819644635483647,-0.3489615444116025,-0.5146185560512033,0.3984426821552553,,38,2
30.41140202029495,15.804166787274816,0.0315261165943458,0.3861864117799961,0.3507763839834274,-0.0687780987646916,-1.2171422944863652,0.6260727166402175,-0.3473248605525109,-1.1975213624610104,0.2840108476735926,0.0100433120670401,-1.4803691354920494,0.343296997079243,-0.3857195467470188,-1.1170009475181577,0.3170676792432358,1.5,39,2
26.970752028818183,15.230041771446324,0.1086008312493731,0.203880171690068,0.3205539880050221,0.1299967210500937,-1.2790277887121742,0.615502251105729,-0.0393367872804275,-1.4515699037355967,0.3504644434729598,-0.3214142362341462,-0.5010896258701449,0.3181047447533048,0.1487444512487706,-1.0968899351644423,0.2602506503680502,1.6666666666666667,40,2
26.970752028818183,15.230041771446324,0.1086008312493731,0.203880171690068,0.3205539880050221,0.1299967210500937,-1.2790277887121742,0.615502251105729,-0.0393367872804275,-1.4515699037355967,0.3504644434729598,-0.3214142362341462,-0.5010896258701449,0.3181047447533048,0.1487444512487706,-1.0968899351644423,0.2602506503680502,1.6666666666666667,41,2
36.0433817037192,18.617135299502984,-0.0306642049223091,0.068279087064649,0.4648991803931208,-0.3345569475104267,-0.9973255592496936,0.8248856402064002,-0.4907142564411554,-1.2527564930876656,0.316321435521113,-0.2667937743267336,-0.9508615024784496,0.5359798401664371,-0.3768136663189299,-0.8004923602876155,0.3069051230306263,1.5789473684210529,42,2
30.349707915563208,15.631856171293288,-0.0412070250023342,0.1060446749531197,0.2578084111140927,-0.074212238361371,-1.4702360695753411,0.4831591307396331,-0.1649517583583184,-1.4010220643392997,0.2144004603863222,-0.6544024357029674,-0.4602190942172246,0.2776311880958563,-0.3574095021535933,-1.1497634730348056,0.4785965227232924,,43,2
30.349707915563208,15.631856171293288,-0.0412070250023342,0.1060446749531197,0.2578084111140927,-0.074212238361371,-1.4702360695753411,0.4831591307396331,-0.1649517583583184,-1.4010220643392997,0.2144004603863222,-0.6544024357029674,-0.4602190942172246,0.2776311880958563,-0.3574095021535933,-1.1497634730348056,0.4785965227232924,,44,2
29.32158964585652,13.092029483620948,0.0591645095716129,0.0953081833886388,0.2206503424256595,-0.3069550524201597,-0.7390715907546817,0.4295624779078388,-0.7619879617799741,-0.6726572848276366,0.2952718008520705,-1.4501999291564835,3.4539912780333086,0.1595837182077922,0.2549407694618578,-0.3343533663292897,0.6981671221125179,,45,2
38.65346639099784,15.534797359476569,-0.3778447069284263,0.3737648463389348,0.2331709012189281,-0.2348493965557042,-1.4928237245331193,0.3759034845508313,-0.4666452695468387,-1.4758671964394925,0.2533854912228303,-0.7729237382923082,-0.5903764578058301,0.1851392775792203,-0.6734620821885585,-0.5461907411364249,0.282806508630684,,46,2
27.90605164189301,14.861206041233672,0.224083633710018,0.6365254648368124,0.440278073357484,-0.1544617240835444,-0.9229862918304516,0.5470718047181936,0.1159390158752426,-1.118700217905963,0.3697179294227306,0.3046460007277975,-1.1655935213026969,0.3619667715013888,-0.0891859383501661,-1.3743856076686354,0.7400510301090595,,47,2
28.89117774061833,16.301473951762762,0.2194312555066427,0.35510828896404,0.8530153421596317,0.1865277647842844,-0.8403774184022299,1.9496922898998648,-0.4561715110819657,-1.1702946338326572,1.325359356256452,-1.0252270250613065,0.6122049192664929,1.0391568310130082,-0.6039815687830548,-0.1564388268461396,0.8820749844645298,,48,2
28.89117774061833,16.301473951762762,0.2194312555066427,0.35510828896404,0.8530153421596317,0.1865277647842844,-0.8403774184022299,1.9496922898998648,-0.4561715110819657,-1.1702946338326572,1.325359356256452,-1.0252270250613065,0.6122049192664929,1.0391568310130082,-0.6039815687830548,-0.1564388268461396,0.8820749844645298,,49,2
30.67962294422798,13.5070828545619,0.394784238578411,0.693051827219813,0.8431106364537425,0.0500853088170734,-1.4688942895595096,0.5697764789318286,-0.1930938597298929,-0.7402061229743517,0.49437976901989,-0.1810001162521156,-1.2837783337184785,0.4210914682218208,0.0093209818181219,-1.164477237018973,1.1138725348567375,,50,2
30.25746764023718,16.098719110537953,-0.0797643113263426,0.2629104335385511,0.5673124595078939,-0.1142015406933952,-1.459397366815904,0.3764534514340055,-0.3244470102478316,-1.3227509692339712,0.3100902765209796,-0.0270805344736307,-1.579465382642988,0.2946673263735944,-0.3594029896545259,-1.363017119853001,0.6779424672958665,,51,2
29.30439100817487,15.50430660687539,-0.1126799191978979,0.1579031511099953,0.4992489145792394,-0.5197108360886615,-1.4396199869670063,0.3424686869297505,0.0263085064252353,-1.616932313252882,0.3285777184837947,-0.1472450537403407,-1.2639007897746182,0.2588976173062443,-0.0655993834410532,-1.4525184926179624,0.4223229839150147,,52,2
29.30439100817487,15.50430660687539,-0.1126799191978979,0.1579031511099953,0.4992489145792394,-0.5197108360886615,-1.4396199869670063,0.3424686869297505,0.0263085064252353,-1.616932313252882,0.3285777184837947,-0.1472450537403407,-1.2639007897746182,0.2588976173062443,-0.0655993834410532,-1.4525184926179624,0.4223229839150147,,53,2
11.737949183737328,5.907835708616138,0.6931025896647218,0.9120248859599002,1.1769600234962765,0.0753399316838312,-0.5512017138719445,1.0784816462256683,-0.0065029008652527,-0.6442928920452737,1.0228365825640255,-0.0004108287986987,-0.7625597176946135,0.8436633019765339,0.0597155547013239,-1.1367393510732255,1.321522456926524,2.0,54,2
14.683782406451009,6.829287661242568,0.6211740282462058,0.9057098771093374,0.7578419473199994,-0.0611760707847112,-0.6990729846813535,0.7751640489730286,0.2269771187742009,-0.71605089588896,0.7446097863350467,0.3779132142870143,-0.7391004606033236,0.6170998713891418,0.3936712395058461,-1.0427558498908782,0.7105670448919429,2.0,55,2
17.66215309185151,6.788563335493013,-0.3689305177172108,0.4057586505128869,0.3283170172671671,-0.4370143595625294,-1.4601933748594682,0.2689602683827082,-0.2282267329253638,-1.1499991576812607,0.2844177550713696,-0.4701750964916061,-0.0644263468226746,0.1929094338744932,0.009769830465435,-0.5228832672201476,0.249712017101351,1.7142857142857142,56,2
14.214098495507908,4.929158260798686,0.3568491879888021,0.6636737035412378,0.4024650611045934,-0.564179968102165,-0.4809253415768748,0.3457309648630589,-0.6713704903185413,-0.6606065453697401,0.1956236831998255,-1.168232987338297,0.3565390177559591,0.162939033160251,-0.6667689691526165,-0.3646746524636661,0.3517836778333511,1.5789473684210529,57,2
14.214098495507908,4.929158260798686,0.3568491879888021,0.6636737035412378,0.4024650611045934,-0.564179968102165,-0.4809253415768748,0.3457309648630589,-0.6713704903185413,-0.6606065453697401,0.1956236831998255,-1.168232987338297,0.3565390177559591,0.162939033160251,-0.6667689691526165,-0.3646746524636661,0.3517836778333511,1.5789473684210529,58,2
18.99666160250269,12.905877608283753,-0.1165922019322473,0.1694739786922542,0.2010808231632305,-1.1929205138176202,1.1541793458232492,0.3302435501140254,-0.6519936015397022,-0.7750654552161396,0.2659339174807402,-0.8599406243641765,0.2521725541589434,0.2135200572688234,-0.4917361944777446,-0.6080419278221569,0.5111860986451426,1.1538461538461535,59,0
19.242601825117102,12.75778507578805,-0.1703986112654798,0.0290117057092519,0.249375219510112,-0.4243174424082784,-0.3680283257839107,0.357435893552511,-1.698014575058613,2.1317533726951767,0.1735310344222204,-1.2236180374766257,1.0683008724699317,0.2526602640010012,-0.7751622200981195,-0.2566115472221533,0.2448510792902039,0.9090909090909092,60,0
21.359213926547017,14.14995547696176,-0.3927532199333458,-0.133311367494386,0.2099693167290675,-0.8911656336556026,0.2199675054981633,0.3342902610328974,-1.0630186301587523,-0.1742429804637404,0.2819116747090972,-0.5163535690605718,-0.3669169981938136,0.1670313876579822,-1.3367218335907325,1.370639536544176,0.4952364057629242,0.7142857142857143,61,0
20.0639497248174,12.41822801530074,-0.2010449277750667,-0.0775704247512785,0.2474393895090383,-0.692201892903212,-0.1729155935751127,0.2525245260143058,-1.2291187244835784,0.0773815116837366,0.1808855699730708,-0.7237353818982386,-0.0373524981360531,0.1923410972651563,-0.6009875997211362,-0.534297010720389,0.3929245861185195,0.9090909090909092,62,0
11.394429860243113,12.342001853832308,0.0052768672357155,-0.4310150169753386,0.2424720358701899,-0.2686388748079408,-0.9116963233554872,0.3436401328410849,-0.7019753758807596,0.6097583208278348,0.2577531133016443,-0.7857594376896336,-0.2724701634597086,0.2737706281996752,-0.9218558782883746,0.6006036107524939,1.145896697992452,0.9090909090909092,63,0
11.605719984559338,11.593727745639022,0.2181160824212934,0.3052867263703662,0.2570841451664649,0.0139637625621931,-1.2010909443843223,0.3754140560065688,-0.6877146562277696,-0.5625936862984289,0.3039289238046692,-0.4307283409040063,-0.593581312452713,0.4680730281529368,-0.2606123778815621,0.2653023477171472,0.8712191931133229,,64,0
11.264302084017457,10.263807989240645,0.2196022086246211,0.1948371924164468,0.3772960145566045,-0.4462660526051726,0.0152986930518537,0.2883644797290637,-0.5594780331085724,-0.0713181679737942,0.2843864289664004,0.037685472848826,-0.3894719069659453,0.3352170776004322,-0.6511603546486674,0.2329728408980873,0.958798634929927,,65,0
11.264302084017457,10.263807989240645,0.2196022086246211,0.1948371924164468,0.3772960145566045,-0.4462660526051726,0.0152986930518537,0.2883644797290637,-0.5594780331085724,-0.0713181679737942,0.2843864289664004,0.037685472848826,-0.3894719069659453,0.3352170776004322,-0.6511603546486674,0.2329728408980873,0.958798634929927,,66,0
49.08206682689717,32.6778365844497,0.2436199330416696,0.1972809424031747,0.7580815264563798,-0.3872474873554686,-1.0502542533968595,0.6070294393149763,-0.3641588250274405,-1.0829628714373047,0.4767148438224092,-0.2138436102900501,-1.1217532533364205,0.4779521643265164,-1.00670787934542,0.2480158723549301,0.3478850329347714,1.5789473684210529,67,2
42.1260356625211,41.95314172216427,0.374442459162156,-0.052908284423474,0.616173459449854,-0.183882154917798,-1.4371759087491751,0.4596395659839828,-0.1970522238638198,-1.7869700577229473,0.3980555859724399,-0.0120295381562533,-1.642022681157617,0.4522513950073656,-0.1910459556115374,-1.431595513371115,0.3687769793763951,1.6216216216216215,68,2
40.67804381973156,41.71766253087533,0.4400015728806943,-0.0791308100866819,0.5840936899368613,0.1388727274921472,-1.5401356552737693,0.5513146158081863,-0.2743752618239109,-1.4668052807431298,0.4385090611367132,-0.3640371494473779,-1.235809548524552,0.4870372707367622,-0.2106867136537243,-0.9720362190976816,0.2899833287244404,,69,2
40.67804381973156,41.71766253087533,0.4400015728806943,-0.0791308100866819,0.5840936899368613,0.1388727274921472,-1.5401356552737693,0.5513146158081863,-0.2743752618239109,-1.4668052807431298,0.4385090611367132,-0.3640371494473779,-1.235809548524552,0.4870372707367622,-0.2106867136537243,-0.9720362190976816,0.2899833287244404,,70,2
20.97368501336854,14.98185760044461,-0.3645700319468206,0.0601126876779584,0.2575485726472301,-0.7039886993112453,-0.4132725862023259,0.2460299433574897,-1.48056547628908,1.6951864795486775,0.2320181042647747,-0.2244004665264748,-0.4901190847210328,0.2001548829827651,-0.3825933036612233,-0.8188173451055314,0.683550865632409,0.8571428571428571,71,0
19.887237906758195,15.05855865745458,0.008422759542091,0.3122238082253129,0.1710586022868623,-0.0032636632240972,-0.7678459307166294,0.3254823317092731,-0.7174409075078068,-0.4832054343615195,0.2974235100101978,-0.7530523290420186,-0.2508924465955671,0.2392014549846166,-0.945226989030082,0.316989589816933,0.897681874215415,,72,0
17.624839516999867,14.349388117965168,0.0121797861595958,-0.2267004177777264,0.3293954180783248,-1.0130721499971118,0.9783386897550264,0.3115064561986185,-1.1573554051550174,0.8366920143054726,0.1824077813000718,-0.484192889025302,-1.199849668250809,0.2216442376895604,-0.8559973439730729,0.112370718345466,0.9444477424390924,0.8823529411764706,73,0
17.624839516999867,14.349388117965168,0.0121797861595958,-0.2267004177777264,0.3293954180783248,-1.0130721499971118,0.9783386897550264,0.3115064561986185,-1.1573554051550174,0.8366920143054726,0.1824077813000718,-0.484192889025302,-1.199849668250809,0.2216442376895604,-0.8559973439730729,0.112370718345466,0.9444477424390924,0.8823529411764706,74,0
27.641329782772747,12.433711587454496,-0.5139315137311752,0.1141667403654872,0.3032687734773794,-0.03839285269812,-1.222662160525784,0.2566800848926195,-0.1258601272347193,-0.9598042651099488,0.1710217682225382,-0.2248067880112217,-0.3619287508232665,0.1745110054477678,0.2185185025652745,-1.0554315669605314,0.2722833640336126,1.1538461538461535,75,1
26.024498864723608,13.678171721396104,-0.330077319150134,0.1869527954495297,0.3287468385287396,-0.0151730781364905,-1.0385792382803234,0.2535770010321806,0.3073396389974995,-0.7542814623246539,0.1624852427624198,0.2610352105453961,-0.9143860130557812,0.2442381821171296,-0.3016361241364126,-0.7972514761428835,0.1675373907000701,1.3043478260869563,76,1
24.701964258738624,12.659886571371809,-0.5565120834925297,-0.0312064825338797,0.2484850671065873,0.2468451338801757,-1.0032831293360511,0.2804682935658515,-0.3292166742296742,-1.0204153127884583,0.2246313564028559,-0.7401835385984936,-0.0449102715407199,0.1811491438420174,0.1999652147538808,-0.6023240884335115,0.6252774256442352,1.3043478260869563,77,1
24.701964258738624,12.659886571371809,-0.5565120834925297,-0.0312064825338797,0.2484850671065873,0.2468451338801757,-1.0032831293360511,0.2804682935658515,-0.3292166742296742,-1.0204153127884583,0.2246313564028559,-0.7401835385984936,-0.0449102715407199,0.1811491438420174,0.1999652147538808,-0.6023240884335115,0.6252774256442352,1.3043478260869563,78,1
30.16466674836637,13.7849667739897,0.40874920929937,0.8595221567582308,0.8492429587535868,-2.83116598310055,13.310360845632978,0.9059168883599612,-4.365752191529118,25.75145113005761,0.913710756438257,-5.887491510683168,39.09937037840349,0.925161007071803,-5.552585410252871,35.8113855248117,0.0770726954409273,1.25,79,1
30.492344553346506,13.62402778035923,-0.8986308020692095,-0.6305764508218455,0.2420399421775044,0.0568048837021071,-1.741782515423638,0.198242687350293,-0.3340622746361143,-1.297812218323716,0.1673158852333391,-0.2548930295093572,-0.5487671669888301,0.1244615207145716,-0.3643383902206457,-0.8016625509758826,0.3033749567417687,1.1111111111111112,80,1
31.94315001686589,11.680810074648084,0.1722128818217366,0.871450867640009,0.4483275284350465,-0.0626459805843226,-1.0421298454107992,0.4218321264286735,0.2441624892090211,-0.27777698221472,0.3584184988325372,0.2320307869298565,-1.2441295804057129,0.3485801326463478,0.1665342260520221,-1.546055957125151,0.0,,81,1
31.94315001686589,11.680810074648084,0.1722128818217366,0.871450867640009,0.4483275284350465,-0.0626459805843226,-1.0421298454107992,0.4218321264286735,0.2441624892090211,-0.27777698221472,0.3584184988325372,0.2320307869298565,-1.2441295804057129,0.3485801326463478,0.1665342260520221,-1.546055957125151,0.0,,82,1
12.331119444721962,9.165686883152832,-0.5228661567827331,-0.3498591919363866,0.146746428240056,-1.0043747960073122,0.094381384358742,0.1553587042357329,-0.6279599144141628,-0.5774436256379669,0.1135919801259812,-0.1103935703888968,-1.014556015282983,0.1362766025198224,-1.1941070009657062,1.2368805608601372,0.4153030869026219,0.8108108108108109,83,0
10.55845083523147,8.760717696627376,-0.1530483636517925,-0.1509451399812712,0.151327567491306,-0.5390620973798439,-0.7846858402043062,0.1207999203503317,-0.0927353404883162,-0.6534449659790353,0.119052362732244,-0.3188096665761286,-0.4755768721024025,0.1449380599501724,-0.5640063788070463,-0.5268623957950247,0.4541738415883977,1.0714285714285714,84,0
11.109271387449317,8.111127736634415,-0.4385960587939338,-0.1949995387703479,0.1504342879669349,-1.0164335567526968,0.4641805494956688,0.1489789938877135,-0.4989880508923329,-0.6024359273436031,0.1105484502401235,-0.1917821294048169,-1.1912782729557243,0.1343182535340744,-1.9897735533482737,4.454386842508922,0.4434065460265108,1.0,85,0
12.348016146733858,7.788242751738027,-0.4217594436465696,-0.2540341936284281,0.1613549492868532,-0.6548477343863414,-0.8149428885032202,0.138632665175882,-1.0676387598899812,0.3186502707327561,0.1054848624728171,-0.7576070276359221,0.354505253382281,0.1145203119192973,-0.4735477792920667,-0.5354472572464539,0.1082249026156107,0.967741935483871,86,0
12.348016146733858,7.788242751738027,-0.4217594436465696,-0.2540341936284281,0.1613549492868532,-0.6548477343863414,-0.8149428885032202,0.138632665175882,-1.0676387598899812,0.3186502707327561,0.1054848624728171,-0.7576070276359221,0.354505253382281,0.1145203119192973,-0.4735477792920667,-0.5354472572464539,0.1082249026156107,0.967741935483871,87,0
24.04774334527045,15.099728507493095,-0.7772576648450167,-0.6277126399097096,0.2114958635312954,-0.968717584059322,0.0351706289647864,0.2908130874523602,-0.077816550549407,-1.0958420957205273,0.167469784177641,0.0257524306695885,-0.912047813879536,0.178564155371663,-0.7268801165437798,-0.2278445468803362,0.2102910449400893,1.4285714285714286,88,1
19.58700336856049,14.33090459670986,-0.0203314121951244,0.2233320682956683,0.2625415982914645,-0.3816989929246137,-0.2913091611784106,0.311875892447045,-0.0503980205348009,-0.6921220724786279,0.2415504392160172,-0.0459128689673406,-0.5335460857028909,0.2746596828784981,-0.5902197268904332,0.2768032283498449,0.2796032529506144,1.5,89,1
19.933297899745543,14.200614668386718,-0.0491413135837587,0.0489062026853023,0.2660279519749864,-0.3431055329827239,-0.7408025099861013,0.2936395318222729,-0.1174670041298354,-0.4216266328217792,0.1730533667264966,-0.1879579703189828,-0.4933045101294766,0.2117927772467004,-0.1275778447433714,-1.0820922078043296,0.5828071316918777,1.0714285714285714,90,1
19.78616215035144,13.229277623513685,-0.6185017807002142,-0.2372897986089433,0.2204539573719348,-0.7577706160831601,0.1135977116137816,0.2441290826641254,0.0704419005028985,-1.260187240177438,0.1986508187307546,0.2737556879467377,-0.3721308436325956,0.1944663779814372,-0.7462923049547422,0.3428325535414944,0.3016651429672408,1.3953488372093024,91,1
19.78616215035144,13.229277623513685,-0.6185017807002142,-0.2372897986089433,0.2204539573719348,-0.7577706160831601,0.1135977116137816,0.2441290826641254,0.0704419005028985,-1.260187240177438,0.1986508187307546,0.2737556879467377,-0.3721308436325956,0.1944663779814372,-0.7462923049547422,0.3428325535414944,0.3016651429672408,1.3953488372093024,92,1
28.126208842288005,16.0815621330765,0.723516898788729,0.9062033961617308,0.6205548634796115,0.2131858603195638,-0.999976410878496,0.7463513959613557,0.0907087576576459,-0.8148721098609557,0.6723108556761697,0.0354366883136628,-1.1065431888606971,0.6589194451078293,0.1362793215240674,-1.3130881109779995,0.0,,93,2
37.88364968901494,33.75477365706961,0.3060819652740603,0.3844778060980615,0.4914207878610134,0.0658675388505128,-1.147162976280756,0.4394890199606439,0.1348283048835898,-0.8546708361949942,0.4578130456596668,0.1179435734645598,-0.5184543274475621,0.50325334257249,-0.0083995601808849,-0.826089385102136,0.0911065627524285,1.7647058823529411,94,2
36.994710192674845,33.5644397951165,0.528169230969424,0.285438459803056,0.6037215706293211,-0.1344176632751421,-1.1602356868064092,0.4426717365242094,0.1485553549579596,-1.1058339797403876,0.4536093455784071,0.082600619041842,-1.1042970607712983,0.3855722498869432,0.0316447142395058,-0.869346982412698,0.2671424888581776,1.7647058823529411,95,2
32.50346223342985,26.04178811065015,0.4440835974642183,0.1109608293222275,0.648592995634563,-0.2038993385228606,-1.273120122249222,0.4393623328135838,-0.3557503873108238,-1.076525368555311,0.3808505422882652,-0.0545526299055261,-1.2736159262920903,0.3782034490317009,-0.2017653086219091,-1.011094307677903,0.5298736204664392,1.5384615384615383,96,2
32.50346223342985,26.04178811065015,0.4440835974642183,0.1109608293222275,0.648592995634563,-0.2038993385228606,-1.273120122249222,0.4393623328135838,-0.3557503873108238,-1.076525368555311,0.3808505422882652,-0.0545526299055261,-1.2736159262920903,0.3782034490317009,-0.2017653086219091,-1.011094307677903,0.5298736204664392,1.5384615384615383,97,2
29.19468670563189,15.232297923819642,-0.4894876542455697,0.0108811013537487,0.2878380575763777,0.0224571825182406,-1.3723620092849835,0.2931495750059797,-0.4319882752534054,-0.6269158570224804,0.2356466254420219,-0.3710944176989529,-0.4758895125684064,0.1999901780015586,0.0670184286287719,-0.4349442286482099,0.1595649116514746,1.25,98,1
31.161192190928773,14.74085192110687,-0.7167450106882667,-0.103620715540091,0.3023490448546516,-0.6655166825915538,-0.7246992543403219,0.2537710549645876,-0.3105493208949086,-0.9757023731302694,0.1729139696367965,-0.0107278965543498,-0.904279518232396,0.1931737686068795,0.1029818550214647,0.0559977160190809,0.432842637659145,1.4285714285714286,99,1
25.89528922719343,12.065532596615869,-0.5188461758199305,-0.0460347324501946,0.263615325200739,-0.4179541122279767,-0.623702557674163,0.2440997893216286,-0.3509509743015545,-0.9035717894077048,0.1933327233217563,-0.8153615364626469,0.3252350205653127,0.1292293002290978,-0.2188428080523275,-0.3792549066105688,0.6099605189003949,1.0344827586206895,100,1
25.89528922719343,12.065532596615869,-0.5188461758199305,-0.0460347324501946,0.263615325200739,-0.4179541122279767,-0.623702557674163,0.2440997893216286,-0.3509509743015545,-0.9035717894077048,0.1933327233217563,-0.8153615364626469,0.3252350205653127,0.1292293002290978,-0.2188428080523275,-0.3792549066105688,0.6099605189003949,1.0344827586206895,101,1
30.13216678833436,18.534568895984595,0.5212697134901604,0.787330147466397,0.6752156443971329,-0.1971335868020339,-0.3490327435593929,0.6480932980916644,-0.6144869463749877,-0.4962654074801831,0.5519994505943038,-0.0062843367429802,-0.9593814429680796,0.653381302717259,-0.3297538759699541,-0.3438095452474954,0.2458922150901386,1.7647058823529411,102,2
35.33300537740881,26.504151600079563,0.1387957386809624,0.3873371715149759,0.4617855954937709,-0.0180808958565321,-1.0011328908672716,0.5073996496218937,-0.0550132968932976,-1.1767825319584695,0.5312903254856847,-0.3866053338990561,-0.8649109062093752,0.3914240269160252,-0.1893234391004327,-1.0423698288409176,0.2246681174321639,1.6666666666666667,103,2
35.33300537740881,26.504151600079563,0.1387957386809624,0.3873371715149759,0.4617855954937709,-0.0180808958565321,-1.0011328908672716,0.5073996496218937,-0.0550132968932976,-1.1767825319584695,0.5312903254856847,-0.3866053338990561,-0.8649109062093752,0.3914240269160252,-0.1893234391004327,-1.0423698288409176,0.2246681174321639,1.6666666666666667,104,2
18.74046581704948,10.180409109657628,-0.463454426257078,0.1365688827833094,0.2440857676372967,-0.306219175964782,-0.7288763174186128,0.3123226393032515,-0.2846413837956817,-1.094041192995173,0.2379919940145272,-0.3492430477872803,-0.7107942151145776,0.1741078177934078,0.0895976061656574,-0.7770780065684204,0.4628589371492446,1.3043478260869563,105,1
18.649501536502257,10.57863379647864,-0.2124029877965997,0.364388102106699,0.2727188775013803,-0.1700454410710214,-0.8468721917814679,0.297625312798679,-0.4341968519007292,-1.1073911685035265,0.259936209650385,-0.8822023662183386,-0.138471266584879,0.2418823385618664,-0.9015773663229176,1.358233630936013,0.7715064838520558,,106,1
17.81071543650058,10.762485987911894,-0.7739878795334749,-0.6904805055669685,0.1624901511592462,-0.389687389467969,-1.2930249775533698,0.2295495786217922,-0.5578866164410933,-1.289966626474219,0.1509829121272116,-0.3209050994800481,-1.0147293652395573,0.1261828280064475,-0.1230133307531635,-1.2209998676320848,0.146518896985474,1.4285714285714286,107,1
17.81071543650058,10.762485987911894,-0.7739878795334749,-0.6904805055669685,0.1624901511592462,-0.389687389467969,-1.2930249775533698,0.2295495786217922,-0.5578866164410933,-1.289966626474219,0.1509829121272116,-0.3209050994800481,-1.0147293652395573,0.1261828280064475,-0.1230133307531635,-1.2209998676320848,0.146518896985474,1.4285714285714286,108,1
21.80520485480473,11.166500882550457,-0.1661856809776012,0.3753863647674731,0.212494215449259,0.3758712458835261,-1.0438378244184392,0.288013599872498,-0.494178410109014,-0.7271216950138015,0.2102162536896073,-0.6238863909171234,0.0426960288055275,0.1757001809401004,0.0511784251804696,-1.2706293620224425,0.1333102838474493,1.3636363636363635,109,1
16.47105379628152,9.507760905702243,-0.0945882512459299,0.5138068373687971,0.2579006270665349,-0.3909005743490382,-0.5085670225061554,0.1963359396276278,-0.4715637848257242,-0.0611517647213735,0.1979627521776243,-0.0666516771133522,-0.4800353063802234,0.2176370164541367,0.2571421852901376,-0.600149369693658,0.3747769412053014,1.1538461538461535,110,1
20.095573133404283,10.109174306539574,-0.7303937760194037,-0.596511582460176,0.2030465236612396,-0.1558766810465955,-1.3942946717686244,0.2059269745942144,-0.3779790071614465,-0.8150082413421926,0.1167845983526939,-0.351344742437135,-0.5636435161615037,0.1071325610158853,-0.173689749252965,-0.9824332682452472,0.3072860001874274,1.0344827586206895,111,1
20.095573133404283,10.109174306539574,-0.7303937760194037,-0.596511582460176,0.2030465236612396,-0.1558766810465955,-1.3942946717686244,0.2059269745942144,-0.3779790071614465,-0.8150082413421926,0.1167845983526939,-0.351344742437135,-0.5636435161615037,0.1071325610158853,-0.173689749252965,-0.9824332682452472,0.3072860001874274,1.0344827586206895,112,1
13.50506171922216,9.829756220781876,-0.578650535294614,-0.3538836663512685,0.1506046300154569,-1.106604468595789,0.3388732281962228,0.1411690336039655,-0.5082247156567368,-1.0029093089869567,0.1228191444501272,-1.1755335385739056,0.2998960250078326,0.0931048353089666,-0.7674927137811387,-0.7936381845595681,0.3806038088414162,,113,0
15.2217087030333,10.467950532936232,-0.4374110236437504,-0.3209813316386926,0.1573570991527764,-0.8469075441774209,-0.4253051908842007,0.1842976141828242,-0.6390573149139976,-0.2536537191127848,0.1592449761529887,-1.1463430355803244,0.970194544152534,0.1208241280135456,-0.6306406012609073,-0.3259414881765452,0.2689076691990668,1.0,114,0
13.383973185866743,10.202869653190715,-0.3794555750989018,-0.3941970150267282,0.1404609026158001,-0.9591544520193936,-0.1618298888032363,0.1525669811319112,-1.0149906082839286,-0.0406383906180369,0.1342305776890985,-0.9764418206960324,0.0339040350005683,0.1095118901750305,-1.1745427230212309,0.9318472095153076,0.6060004052180952,,115,0
13.383973185866743,10.202869653190715,-0.3794555750989018,-0.3941970150267282,0.1404609026158001,-0.9591544520193936,-0.1618298888032363,0.1525669811319112,-1.0149906082839286,-0.0406383906180369,0.1342305776890985,-0.9764418206960324,0.0339040350005683,0.1095118901750305,-1.1745427230212309,0.9318472095153076,0.6060004052180952,,116,0
25.012758635544376,18.389283722864253,0.245886309933501,0.4536750261771638,0.3809795021555718,0.2283202142531182,-1.0046782105262566,0.3614116833678146,0.079841183429429,-0.7880646139934138,0.3536043213262352,0.13756939817395,-0.4022735119274476,0.3712450064455009,0.2459003038286551,-0.6455147457653787,0.3032888377892817,1.6666666666666667,117,2
28.687542971819664,24.119744821204048,0.2277483531203382,0.2674862631635455,0.3929999564931898,-0.1846736601017745,-1.1391074345727603,0.3328571225581225,-0.1928796511908907,-1.0492654651619953,0.4105283373145382,-0.0314053005372688,-0.7447165904908899,0.2977093043916786,0.1695315418943949,-0.921764438383386,1.028392379201596,1.6666666666666667,118,2
23.44691415858385,23.87956180502481,0.4594279102621575,0.2421413906992655,0.422020614987298,0.1015755457235623,-1.3693609080039648,0.3214580676801568,-0.1121132481439193,-1.239385102683802,0.4146255702378482,0.0366923038164343,-1.1272394036212463,0.2780939277207989,-0.2494888555230658,-0.7400145221819825,0.3618667050610776,1.5789473684210529,119,2
23.44691415858385,23.87956180502481,0.4594279102621575,0.2421413906992655,0.422020614987298,0.1015755457235623,-1.3693609080039648,0.3214580676801568,-0.1121132481439193,-1.239385102683802,0.4146255702378482,0.0366923038164343,-1.1272394036212463,0.2780939277207989,-0.2494888555230658,-0.7400145221819825,0.3618667050610776,1.5789473684210529,120,2
10.8342398791978,6.737359079045733,0.2843282689246037,0.3640088438280274,0.2895622995749669,0.0235875605363614,-0.5860923188722724,0.29592455828576,-0.3270654210760846,-0.346163903683184,0.2214861313694817,-0.5118995782691236,-0.0769806485688908,0.1724172110624905,-0.0595365721909266,-0.4980284781727668,0.3365237216840075,1.1538461538461535,121,1
11.833864560658116,6.4464046568610645,0.1200265554918333,0.5475492941728788,0.3365511813291268,0.1354347228782738,-0.7887629701086976,0.2574662663046148,-0.4780919764342642,-0.4474270711655124,0.2268554561413627,0.0200312333683034,-0.2550931999232166,0.2239201729750232,-0.0708126859979037,-0.9752713258001786,0.3704746682086768,1.1538461538461535,122,1
13.659169204603913,8.393787962535157,-0.7072767871248007,0.0205450078686191,0.1962354354074354,0.0984570152902164,-1.3398670193102031,0.2098432734822972,0.3220018896673632,-0.990371077116838,0.1937815629677063,0.0367269033129092,-1.0872830613367288,0.1768275352023048,0.1656792055077026,1.0113642812557924,0.3161033860996617,0.9375,123,1
13.659169204603913,8.393787962535157,-0.7072767871248007,0.0205450078686191,0.1962354354074354,0.0984570152902164,-1.3398670193102031,0.2098432734822972,0.3220018896673632,-0.990371077116838,0.1937815629677063,0.0367269033129092,-1.0872830613367288,0.1768275352023048,0.1656792055077026,1.0113642812557924,0.3161033860996617,0.9375,124,1
5.7298118642761695,157.56726695973376,0.738684772357206,-0.4529282719679235,0.0650160945796943,3.017231312079892,9.12991603288641,0.1789587442340809,0.8853094898684637,0.5427497720440111,4.02184656451999,-3.8181963133164536,13.110357607649128,0.1109520289285496,0.3238955998296681,-0.647673004522467,0.0,,125,2
232.3736795212401,156.52581238581703,-0.1084430144768668,0.0119466551487166,0.5474409981046522,-0.3538018568792601,-1.0293032943738414,4.029540370597272,-2.110213684681774,2.609144155701415,4.000071496993294,-3.771041293018895,12.871956658587695,0.4040337670440025,0.8525607912183056,-0.7126878970911479,0.952966104905941,2.3076923076923075,126,2
51.63082893969455,210.4712286811668,-0.2939083823382321,-0.0567754126285739,0.6802344110711775,0.4329008895539014,-1.263565075903442,0.5232994980360023,0.2205799272533385,-1.4452668474698265,3.837611039487164,-2.7445716310583177,5.77429171687181,3.896270880571101,-6.60203566800193,45.34356271576039,0.0,,127,2
51.63082893969455,210.4712286811668,-0.2939083823382321,-0.0567754126285739,0.6802344110711775,0.4329008895539014,-1.263565075903442,0.5232994980360023,0.2205799272533385,-1.4452668474698265,3.837611039487164,-2.7445716310583177,5.77429171687181,3.896270880571101,-6.60203566800193,45.34356271576039,0.0,,128,2
125.27292569889153,178.63880414467624,0.0696753270803813,-0.0275908024420713,3.9423009067085295,-5.637620942156932,36.72132989583852,3.9423009067085295,-5.299620327664433,33.51255441468351,3.920029702395901,-4.750691813492126,21.744031551839317,3.917111817338898,-4.695897808598594,21.37890241513509,0.0743316331102655,1.7647058823529411,129,2
84.32155008086605,139.40318112883938,0.2747538400758327,0.1367007674323074,3.662201538761389,-5.256962048525796,33.309198621843805,0.7983726816030996,-0.0646227927710573,-1.3120098065170749,3.580104725275787,-3.734931785419082,12.695018963695896,0.370391622168985,-0.942941357188284,0.5742350538015524,0.370338513197664,,130,2
118.10787707583268,230.5396098947857,0.0707420034656173,-0.0928889970854338,3.526162631685988,-4.979034546857731,30.831921728760367,3.5581257756951845,-4.778592359203575,29.24964615490413,3.618513287055417,-4.516156981770092,20.246637653984248,3.57581965898599,-2.3253245081806093,3.729734676605755,0.8423429987280765,,131,2
118.10787707583268,230.5396098947857,0.0707420034656173,-0.0928889970854338,3.526162631685988,-4.979034546857731,30.831921728760367,3.5581257756951845,-4.778592359203575,29.24964615490413,3.618513287055417,-4.516156981770092,20.246637653984248,3.57581965898599,-2.3253245081806093,3.729734676605755,0.8423429987280765,,132,2
106.58881051517557,119.10878142689565,0.3500105117958213,0.443990037412683,3.1942275436577745,-3.894207605394897,16.384816291486164,0.5673953318236666,-0.2264436602834324,-0.766653408351222,3.061709294534277,-3.5137241908106813,11.604858034651064,0.5694185111995979,-0.3417788456216657,-0.6595132702457729,0.3817420033007123,1.5,133,2
87.24839653403379,74.41418311719883,0.190557430991753,0.3978497583034428,0.722940318165862,-0.2517310825598591,-0.9982787124964104,3.090237773825734,-5.2116736026274015,32.70379552126039,2.9776643833227494,-5.72350597956205,37.17354393644091,0.5466890502066432,-0.2169324684699775,-1.4110092145386897,0.9324519060464168,1.5789473684210529,134,2
26.781216793865063,125.42315044823263,0.2945670484270937,0.454899724787922,0.6240780867122102,-0.2391119380512754,-1.3620903160025966,0.5400815537523684,0.1687397319635382,-1.1838067860571575,4.097980851778289,-3.1171607313437497,8.230508951903964,0.4079485461347713,0.1626999796590177,-1.5132956824420143,0.3837995429088159,,135,2
26.781216793865063,125.42315044823263,0.2945670484270937,0.454899724787922,0.6240780867122102,-0.2391119380512754,-1.3620903160025966,0.5400815537523684,0.1687397319635382,-1.1838067860571575,4.097980851778289,-3.1171607313437497,8.230508951903964,0.4079485461347713,0.1626999796590177,-1.5132956824420143,0.3837995429088159,,136,2
